model	temperature	check	clock	slack
slow	100	setup	FPGA_CLK1_50	7.243
slow	100	setup	FPGA_CLK2_50	6.148
slow	100	setup	FPGA_CLK3_50	no_paths
slow	100	setup	sysmem|fpga_interfaces|clocks_resets|h2f_user0_clk	4.243
slow	100	setup	spi_sck	5.874
slow	100	setup	hdmi_sck	no_paths
slow	100	setup	emu|pll|pll_inst|altera_pll_i|cyclonev_pll|counter[1].output_counter|divclk	4.405
slow	100	setup	emu|pll|pll_inst|altera_pll_i|cyclonev_pll|counter[0].output_counter|divclk	-0.114
slow	100	setup	emu|pll|pll_inst|altera_pll_i|cyclonev_pll|fpll_0|fpll|vcoph[0]	no_paths
slow	100	setup	pll_hdmi|pll_hdmi_inst|altera_pll_i|cyclonev_pll|counter[0].output_counter|divclk	0.195
slow	100	setup	pll_hdmi|pll_hdmi_inst|altera_pll_i|cyclonev_pll|fpll_0|fpll|vcoph[0]	no_paths
slow	100	setup	pll_audio|pll_audio_inst|altera_pll_i|general[0].gpll~FRACTIONAL_PLL|vcoph[0]	no_paths
slow	100	setup	pll_audio|pll_audio_inst|altera_pll_i|general[0].gpll~PLL_OUTPUT_COUNTER|divclk	13.810
slow	100	setup	emu|pllv|pll_inst|altera_pll_i|general[0].gpll~FRACTIONAL_PLL|vcoph[0]	no_paths
slow	100	setup	emu|pllv|pll_inst|altera_pll_i|general[0].gpll~PLL_OUTPUT_COUNTER|divclk	24.806
slow	100	setup	sdram_clk_pin	0.451
slow	100	hold	FPGA_CLK1_50	0.265
slow	100	hold	FPGA_CLK2_50	0.414
slow	100	hold	FPGA_CLK3_50	no_paths
slow	100	hold	sysmem|fpga_interfaces|clocks_resets|h2f_user0_clk	0.357
slow	100	hold	spi_sck	0.324
slow	100	hold	hdmi_sck	no_paths
slow	100	hold	emu|pll|pll_inst|altera_pll_i|cyclonev_pll|counter[1].output_counter|divclk	0.573
slow	100	hold	emu|pll|pll_inst|altera_pll_i|cyclonev_pll|counter[0].output_counter|divclk	0.043
slow	100	hold	emu|pll|pll_inst|altera_pll_i|cyclonev_pll|fpll_0|fpll|vcoph[0]	no_paths
slow	100	hold	pll_hdmi|pll_hdmi_inst|altera_pll_i|cyclonev_pll|counter[0].output_counter|divclk	0.188
slow	100	hold	pll_hdmi|pll_hdmi_inst|altera_pll_i|cyclonev_pll|fpll_0|fpll|vcoph[0]	no_paths
slow	100	hold	pll_audio|pll_audio_inst|altera_pll_i|general[0].gpll~FRACTIONAL_PLL|vcoph[0]	no_paths
slow	100	hold	pll_audio|pll_audio_inst|altera_pll_i|general[0].gpll~PLL_OUTPUT_COUNTER|divclk	0.301
slow	100	hold	emu|pllv|pll_inst|altera_pll_i|general[0].gpll~FRACTIONAL_PLL|vcoph[0]	no_paths
slow	100	hold	emu|pllv|pll_inst|altera_pll_i|general[0].gpll~PLL_OUTPUT_COUNTER|divclk	0.249
slow	100	hold	sdram_clk_pin	3.133
slow	100	recovery	FPGA_CLK1_50	17.049
slow	100	recovery	FPGA_CLK2_50	16.855
slow	100	recovery	FPGA_CLK3_50	no_paths
slow	100	recovery	sysmem|fpga_interfaces|clocks_resets|h2f_user0_clk	7.186
slow	100	recovery	spi_sck	no_paths
slow	100	recovery	hdmi_sck	no_paths
slow	100	recovery	emu|pll|pll_inst|altera_pll_i|cyclonev_pll|counter[1].output_counter|divclk	no_paths
slow	100	recovery	emu|pll|pll_inst|altera_pll_i|cyclonev_pll|counter[0].output_counter|divclk	1.272
slow	100	recovery	emu|pll|pll_inst|altera_pll_i|cyclonev_pll|fpll_0|fpll|vcoph[0]	no_paths
slow	100	recovery	pll_hdmi|pll_hdmi_inst|altera_pll_i|cyclonev_pll|counter[0].output_counter|divclk	3.911
slow	100	recovery	pll_hdmi|pll_hdmi_inst|altera_pll_i|cyclonev_pll|fpll_0|fpll|vcoph[0]	no_paths
slow	100	recovery	pll_audio|pll_audio_inst|altera_pll_i|general[0].gpll~FRACTIONAL_PLL|vcoph[0]	no_paths
slow	100	recovery	pll_audio|pll_audio_inst|altera_pll_i|general[0].gpll~PLL_OUTPUT_COUNTER|divclk	no_paths
slow	100	recovery	emu|pllv|pll_inst|altera_pll_i|general[0].gpll~FRACTIONAL_PLL|vcoph[0]	no_paths
slow	100	recovery	emu|pllv|pll_inst|altera_pll_i|general[0].gpll~PLL_OUTPUT_COUNTER|divclk	34.059
slow	100	recovery	sdram_clk_pin	no_paths
slow	100	removal	FPGA_CLK1_50	0.956
slow	100	removal	FPGA_CLK2_50	1.436
slow	100	removal	FPGA_CLK3_50	no_paths
slow	100	removal	sysmem|fpga_interfaces|clocks_resets|h2f_user0_clk	1.740
slow	100	removal	spi_sck	no_paths
slow	100	removal	hdmi_sck	no_paths
slow	100	removal	emu|pll|pll_inst|altera_pll_i|cyclonev_pll|counter[1].output_counter|divclk	no_paths
slow	100	removal	emu|pll|pll_inst|altera_pll_i|cyclonev_pll|counter[0].output_counter|divclk	3.039
slow	100	removal	emu|pll|pll_inst|altera_pll_i|cyclonev_pll|fpll_0|fpll|vcoph[0]	no_paths
slow	100	removal	pll_hdmi|pll_hdmi_inst|altera_pll_i|cyclonev_pll|counter[0].output_counter|divclk	0.944
slow	100	removal	pll_hdmi|pll_hdmi_inst|altera_pll_i|cyclonev_pll|fpll_0|fpll|vcoph[0]	no_paths
slow	100	removal	pll_audio|pll_audio_inst|altera_pll_i|general[0].gpll~FRACTIONAL_PLL|vcoph[0]	no_paths
slow	100	removal	pll_audio|pll_audio_inst|altera_pll_i|general[0].gpll~PLL_OUTPUT_COUNTER|divclk	no_paths
slow	100	removal	emu|pllv|pll_inst|altera_pll_i|general[0].gpll~FRACTIONAL_PLL|vcoph[0]	no_paths
slow	100	removal	emu|pllv|pll_inst|altera_pll_i|general[0].gpll~PLL_OUTPUT_COUNTER|divclk	1.901
slow	100	removal	sdram_clk_pin	no_paths
slow	-40	setup	FPGA_CLK1_50	7.457
slow	-40	setup	FPGA_CLK2_50	6.422
slow	-40	setup	FPGA_CLK3_50	no_paths
slow	-40	setup	sysmem|fpga_interfaces|clocks_resets|h2f_user0_clk	4.270
slow	-40	setup	spi_sck	5.921
slow	-40	setup	hdmi_sck	no_paths
slow	-40	setup	emu|pll|pll_inst|altera_pll_i|cyclonev_pll|counter[1].output_counter|divclk	4.326
slow	-40	setup	emu|pll|pll_inst|altera_pll_i|cyclonev_pll|counter[0].output_counter|divclk	-0.015
slow	-40	setup	emu|pll|pll_inst|altera_pll_i|cyclonev_pll|fpll_0|fpll|vcoph[0]	no_paths
slow	-40	setup	pll_hdmi|pll_hdmi_inst|altera_pll_i|cyclonev_pll|counter[0].output_counter|divclk	0.163
slow	-40	setup	pll_hdmi|pll_hdmi_inst|altera_pll_i|cyclonev_pll|fpll_0|fpll|vcoph[0]	no_paths
slow	-40	setup	pll_audio|pll_audio_inst|altera_pll_i|general[0].gpll~FRACTIONAL_PLL|vcoph[0]	no_paths
slow	-40	setup	pll_audio|pll_audio_inst|altera_pll_i|general[0].gpll~PLL_OUTPUT_COUNTER|divclk	13.331
slow	-40	setup	emu|pllv|pll_inst|altera_pll_i|general[0].gpll~FRACTIONAL_PLL|vcoph[0]	no_paths
slow	-40	setup	emu|pllv|pll_inst|altera_pll_i|general[0].gpll~PLL_OUTPUT_COUNTER|divclk	24.354
slow	-40	setup	sdram_clk_pin	0.413
slow	-40	hold	FPGA_CLK1_50	0.257
slow	-40	hold	FPGA_CLK2_50	0.437
slow	-40	hold	FPGA_CLK3_50	no_paths
slow	-40	hold	sysmem|fpga_interfaces|clocks_resets|h2f_user0_clk	0.296
slow	-40	hold	spi_sck	0.310
slow	-40	hold	hdmi_sck	no_paths
slow	-40	hold	emu|pll|pll_inst|altera_pll_i|cyclonev_pll|counter[1].output_counter|divclk	0.649
slow	-40	hold	emu|pll|pll_inst|altera_pll_i|cyclonev_pll|counter[0].output_counter|divclk	0.033
slow	-40	hold	emu|pll|pll_inst|altera_pll_i|cyclonev_pll|fpll_0|fpll|vcoph[0]	no_paths
slow	-40	hold	pll_hdmi|pll_hdmi_inst|altera_pll_i|cyclonev_pll|counter[0].output_counter|divclk	0.068
slow	-40	hold	pll_hdmi|pll_hdmi_inst|altera_pll_i|cyclonev_pll|fpll_0|fpll|vcoph[0]	no_paths
slow	-40	hold	pll_audio|pll_audio_inst|altera_pll_i|general[0].gpll~FRACTIONAL_PLL|vcoph[0]	no_paths
slow	-40	hold	pll_audio|pll_audio_inst|altera_pll_i|general[0].gpll~PLL_OUTPUT_COUNTER|divclk	0.287
slow	-40	hold	emu|pllv|pll_inst|altera_pll_i|general[0].gpll~FRACTIONAL_PLL|vcoph[0]	no_paths
slow	-40	hold	emu|pllv|pll_inst|altera_pll_i|general[0].gpll~PLL_OUTPUT_COUNTER|divclk	0.238
slow	-40	hold	sdram_clk_pin	3.173
slow	-40	recovery	FPGA_CLK1_50	17.237
slow	-40	recovery	FPGA_CLK2_50	17.019
slow	-40	recovery	FPGA_CLK3_50	no_paths
slow	-40	recovery	sysmem|fpga_interfaces|clocks_resets|h2f_user0_clk	7.330
slow	-40	recovery	spi_sck	no_paths
slow	-40	recovery	hdmi_sck	no_paths
slow	-40	recovery	emu|pll|pll_inst|altera_pll_i|cyclonev_pll|counter[1].output_counter|divclk	no_paths
slow	-40	recovery	emu|pll|pll_inst|altera_pll_i|cyclonev_pll|counter[0].output_counter|divclk	1.334
slow	-40	recovery	emu|pll|pll_inst|altera_pll_i|cyclonev_pll|fpll_0|fpll|vcoph[0]	no_paths
slow	-40	recovery	pll_hdmi|pll_hdmi_inst|altera_pll_i|cyclonev_pll|counter[0].output_counter|divclk	4.038
slow	-40	recovery	pll_hdmi|pll_hdmi_inst|altera_pll_i|cyclonev_pll|fpll_0|fpll|vcoph[0]	no_paths
slow	-40	recovery	pll_audio|pll_audio_inst|altera_pll_i|general[0].gpll~FRACTIONAL_PLL|vcoph[0]	no_paths
slow	-40	recovery	pll_audio|pll_audio_inst|altera_pll_i|general[0].gpll~PLL_OUTPUT_COUNTER|divclk	no_paths
slow	-40	recovery	emu|pllv|pll_inst|altera_pll_i|general[0].gpll~FRACTIONAL_PLL|vcoph[0]	no_paths
slow	-40	recovery	emu|pllv|pll_inst|altera_pll_i|general[0].gpll~PLL_OUTPUT_COUNTER|divclk	34.481
slow	-40	recovery	sdram_clk_pin	no_paths
slow	-40	removal	FPGA_CLK1_50	0.881
slow	-40	removal	FPGA_CLK2_50	1.339
slow	-40	removal	FPGA_CLK3_50	no_paths
slow	-40	removal	sysmem|fpga_interfaces|clocks_resets|h2f_user0_clk	1.658
slow	-40	removal	spi_sck	no_paths
slow	-40	removal	hdmi_sck	no_paths
slow	-40	removal	emu|pll|pll_inst|altera_pll_i|cyclonev_pll|counter[1].output_counter|divclk	no_paths
slow	-40	removal	emu|pll|pll_inst|altera_pll_i|cyclonev_pll|counter[0].output_counter|divclk	2.821
slow	-40	removal	emu|pll|pll_inst|altera_pll_i|cyclonev_pll|fpll_0|fpll|vcoph[0]	no_paths
slow	-40	removal	pll_hdmi|pll_hdmi_inst|altera_pll_i|cyclonev_pll|counter[0].output_counter|divclk	0.901
slow	-40	removal	pll_hdmi|pll_hdmi_inst|altera_pll_i|cyclonev_pll|fpll_0|fpll|vcoph[0]	no_paths
slow	-40	removal	pll_audio|pll_audio_inst|altera_pll_i|general[0].gpll~FRACTIONAL_PLL|vcoph[0]	no_paths
slow	-40	removal	pll_audio|pll_audio_inst|altera_pll_i|general[0].gpll~PLL_OUTPUT_COUNTER|divclk	no_paths
slow	-40	removal	emu|pllv|pll_inst|altera_pll_i|general[0].gpll~FRACTIONAL_PLL|vcoph[0]	no_paths
slow	-40	removal	emu|pllv|pll_inst|altera_pll_i|general[0].gpll~PLL_OUTPUT_COUNTER|divclk	1.752
slow	-40	removal	sdram_clk_pin	no_paths
fast	100	setup	FPGA_CLK1_50	13.040
fast	100	setup	FPGA_CLK2_50	11.393
fast	100	setup	FPGA_CLK3_50	no_paths
fast	100	setup	sysmem|fpga_interfaces|clocks_resets|h2f_user0_clk	6.722
fast	100	setup	spi_sck	7.649
fast	100	setup	hdmi_sck	no_paths
fast	100	setup	emu|pll|pll_inst|altera_pll_i|cyclonev_pll|counter[1].output_counter|divclk	5.038
fast	100	setup	emu|pll|pll_inst|altera_pll_i|cyclonev_pll|counter[0].output_counter|divclk	4.212
fast	100	setup	emu|pll|pll_inst|altera_pll_i|cyclonev_pll|fpll_0|fpll|vcoph[0]	no_paths
fast	100	setup	pll_hdmi|pll_hdmi_inst|altera_pll_i|cyclonev_pll|counter[0].output_counter|divclk	2.747
fast	100	setup	pll_hdmi|pll_hdmi_inst|altera_pll_i|cyclonev_pll|fpll_0|fpll|vcoph[0]	no_paths
fast	100	setup	pll_audio|pll_audio_inst|altera_pll_i|general[0].gpll~FRACTIONAL_PLL|vcoph[0]	no_paths
fast	100	setup	pll_audio|pll_audio_inst|altera_pll_i|general[0].gpll~PLL_OUTPUT_COUNTER|divclk	26.835
fast	100	setup	emu|pllv|pll_inst|altera_pll_i|general[0].gpll~FRACTIONAL_PLL|vcoph[0]	no_paths
fast	100	setup	emu|pllv|pll_inst|altera_pll_i|general[0].gpll~PLL_OUTPUT_COUNTER|divclk	32.457
fast	100	setup	sdram_clk_pin	1.146
fast	100	hold	FPGA_CLK1_50	0.142
fast	100	hold	FPGA_CLK2_50	0.181
fast	100	hold	FPGA_CLK3_50	no_paths
fast	100	hold	sysmem|fpga_interfaces|clocks_resets|h2f_user0_clk	0.178
fast	100	hold	spi_sck	0.171
fast	100	hold	hdmi_sck	no_paths
fast	100	hold	emu|pll|pll_inst|altera_pll_i|cyclonev_pll|counter[1].output_counter|divclk	0.230
fast	100	hold	emu|pll|pll_inst|altera_pll_i|cyclonev_pll|counter[0].output_counter|divclk	0.082
fast	100	hold	emu|pll|pll_inst|altera_pll_i|cyclonev_pll|fpll_0|fpll|vcoph[0]	no_paths
fast	100	hold	pll_hdmi|pll_hdmi_inst|altera_pll_i|cyclonev_pll|counter[0].output_counter|divclk	0.135
fast	100	hold	pll_hdmi|pll_hdmi_inst|altera_pll_i|cyclonev_pll|fpll_0|fpll|vcoph[0]	no_paths
fast	100	hold	pll_audio|pll_audio_inst|altera_pll_i|general[0].gpll~FRACTIONAL_PLL|vcoph[0]	no_paths
fast	100	hold	pll_audio|pll_audio_inst|altera_pll_i|general[0].gpll~PLL_OUTPUT_COUNTER|divclk	0.160
fast	100	hold	emu|pllv|pll_inst|altera_pll_i|general[0].gpll~FRACTIONAL_PLL|vcoph[0]	no_paths
fast	100	hold	emu|pllv|pll_inst|altera_pll_i|general[0].gpll~PLL_OUTPUT_COUNTER|divclk	0.098
fast	100	hold	sdram_clk_pin	3.524
fast	100	recovery	FPGA_CLK1_50	18.400
fast	100	recovery	FPGA_CLK2_50	18.266
fast	100	recovery	FPGA_CLK3_50	no_paths
fast	100	recovery	sysmem|fpga_interfaces|clocks_resets|h2f_user0_clk	8.235
fast	100	recovery	spi_sck	no_paths
fast	100	recovery	hdmi_sck	no_paths
fast	100	recovery	emu|pll|pll_inst|altera_pll_i|cyclonev_pll|counter[1].output_counter|divclk	no_paths
fast	100	recovery	emu|pll|pll_inst|altera_pll_i|cyclonev_pll|counter[0].output_counter|divclk	5.684
fast	100	recovery	emu|pll|pll_inst|altera_pll_i|cyclonev_pll|fpll_0|fpll|vcoph[0]	no_paths
fast	100	recovery	pll_hdmi|pll_hdmi_inst|altera_pll_i|cyclonev_pll|counter[0].output_counter|divclk	5.094
fast	100	recovery	pll_hdmi|pll_hdmi_inst|altera_pll_i|cyclonev_pll|fpll_0|fpll|vcoph[0]	no_paths
fast	100	recovery	pll_audio|pll_audio_inst|altera_pll_i|general[0].gpll~FRACTIONAL_PLL|vcoph[0]	no_paths
fast	100	recovery	pll_audio|pll_audio_inst|altera_pll_i|general[0].gpll~PLL_OUTPUT_COUNTER|divclk	no_paths
fast	100	recovery	emu|pllv|pll_inst|altera_pll_i|general[0].gpll~FRACTIONAL_PLL|vcoph[0]	no_paths
fast	100	recovery	emu|pllv|pll_inst|altera_pll_i|general[0].gpll~PLL_OUTPUT_COUNTER|divclk	36.359
fast	100	recovery	sdram_clk_pin	no_paths
fast	100	removal	FPGA_CLK1_50	0.469
fast	100	removal	FPGA_CLK2_50	0.691
fast	100	removal	FPGA_CLK3_50	no_paths
fast	100	removal	sysmem|fpga_interfaces|clocks_resets|h2f_user0_clk	0.878
fast	100	removal	spi_sck	no_paths
fast	100	removal	hdmi_sck	no_paths
fast	100	removal	emu|pll|pll_inst|altera_pll_i|cyclonev_pll|counter[1].output_counter|divclk	no_paths
fast	100	removal	emu|pll|pll_inst|altera_pll_i|cyclonev_pll|counter[0].output_counter|divclk	1.525
fast	100	removal	emu|pll|pll_inst|altera_pll_i|cyclonev_pll|fpll_0|fpll|vcoph[0]	no_paths
fast	100	removal	pll_hdmi|pll_hdmi_inst|altera_pll_i|cyclonev_pll|counter[0].output_counter|divclk	0.424
fast	100	removal	pll_hdmi|pll_hdmi_inst|altera_pll_i|cyclonev_pll|fpll_0|fpll|vcoph[0]	no_paths
fast	100	removal	pll_audio|pll_audio_inst|altera_pll_i|general[0].gpll~FRACTIONAL_PLL|vcoph[0]	no_paths
fast	100	removal	pll_audio|pll_audio_inst|altera_pll_i|general[0].gpll~PLL_OUTPUT_COUNTER|divclk	no_paths
fast	100	removal	emu|pllv|pll_inst|altera_pll_i|general[0].gpll~FRACTIONAL_PLL|vcoph[0]	no_paths
fast	100	removal	emu|pllv|pll_inst|altera_pll_i|general[0].gpll~PLL_OUTPUT_COUNTER|divclk	1.065
fast	100	removal	sdram_clk_pin	no_paths
fast	-40	setup	FPGA_CLK1_50	14.101
fast	-40	setup	FPGA_CLK2_50	12.473
fast	-40	setup	FPGA_CLK3_50	no_paths
fast	-40	setup	sysmem|fpga_interfaces|clocks_resets|h2f_user0_clk	7.232
fast	-40	setup	spi_sck	8.020
fast	-40	setup	hdmi_sck	no_paths
fast	-40	setup	emu|pll|pll_inst|altera_pll_i|cyclonev_pll|counter[1].output_counter|divclk	5.068
fast	-40	setup	emu|pll|pll_inst|altera_pll_i|cyclonev_pll|counter[0].output_counter|divclk	5.158
fast	-40	setup	emu|pll|pll_inst|altera_pll_i|cyclonev_pll|fpll_0|fpll|vcoph[0]	no_paths
fast	-40	setup	pll_hdmi|pll_hdmi_inst|altera_pll_i|cyclonev_pll|counter[0].output_counter|divclk	3.296
fast	-40	setup	pll_hdmi|pll_hdmi_inst|altera_pll_i|cyclonev_pll|fpll_0|fpll|vcoph[0]	no_paths
fast	-40	setup	pll_audio|pll_audio_inst|altera_pll_i|general[0].gpll~FRACTIONAL_PLL|vcoph[0]	no_paths
fast	-40	setup	pll_audio|pll_audio_inst|altera_pll_i|general[0].gpll~PLL_OUTPUT_COUNTER|divclk	28.589
fast	-40	setup	emu|pllv|pll_inst|altera_pll_i|general[0].gpll~FRACTIONAL_PLL|vcoph[0]	no_paths
fast	-40	setup	emu|pllv|pll_inst|altera_pll_i|general[0].gpll~PLL_OUTPUT_COUNTER|divclk	33.523
fast	-40	setup	sdram_clk_pin	1.169
fast	-40	hold	FPGA_CLK1_50	0.127
fast	-40	hold	FPGA_CLK2_50	0.167
fast	-40	hold	FPGA_CLK3_50	no_paths
fast	-40	hold	sysmem|fpga_interfaces|clocks_resets|h2f_user0_clk	0.151
fast	-40	hold	spi_sck	0.146
fast	-40	hold	hdmi_sck	no_paths
fast	-40	hold	emu|pll|pll_inst|altera_pll_i|cyclonev_pll|counter[1].output_counter|divclk	0.216
fast	-40	hold	emu|pll|pll_inst|altera_pll_i|cyclonev_pll|counter[0].output_counter|divclk	0.042
fast	-40	hold	emu|pll|pll_inst|altera_pll_i|cyclonev_pll|fpll_0|fpll|vcoph[0]	no_paths
fast	-40	hold	pll_hdmi|pll_hdmi_inst|altera_pll_i|cyclonev_pll|counter[0].output_counter|divclk	0.114
fast	-40	hold	pll_hdmi|pll_hdmi_inst|altera_pll_i|cyclonev_pll|fpll_0|fpll|vcoph[0]	no_paths
fast	-40	hold	pll_audio|pll_audio_inst|altera_pll_i|general[0].gpll~FRACTIONAL_PLL|vcoph[0]	no_paths
fast	-40	hold	pll_audio|pll_audio_inst|altera_pll_i|general[0].gpll~PLL_OUTPUT_COUNTER|divclk	0.148
fast	-40	hold	emu|pllv|pll_inst|altera_pll_i|general[0].gpll~FRACTIONAL_PLL|vcoph[0]	no_paths
fast	-40	hold	emu|pllv|pll_inst|altera_pll_i|general[0].gpll~PLL_OUTPUT_COUNTER|divclk	0.078
fast	-40	hold	sdram_clk_pin	3.534
fast	-40	recovery	FPGA_CLK1_50	18.630
fast	-40	recovery	FPGA_CLK2_50	18.529
fast	-40	recovery	FPGA_CLK3_50	no_paths
fast	-40	recovery	sysmem|fpga_interfaces|clocks_resets|h2f_user0_clk	8.567
fast	-40	recovery	spi_sck	no_paths
fast	-40	recovery	hdmi_sck	no_paths
fast	-40	recovery	emu|pll|pll_inst|altera_pll_i|cyclonev_pll|counter[1].output_counter|divclk	no_paths
fast	-40	recovery	emu|pll|pll_inst|altera_pll_i|cyclonev_pll|counter[0].output_counter|divclk	6.038
fast	-40	recovery	emu|pll|pll_inst|altera_pll_i|cyclonev_pll|fpll_0|fpll|vcoph[0]	no_paths
fast	-40	recovery	pll_hdmi|pll_hdmi_inst|altera_pll_i|cyclonev_pll|counter[0].output_counter|divclk	5.352
fast	-40	recovery	pll_hdmi|pll_hdmi_inst|altera_pll_i|cyclonev_pll|fpll_0|fpll|vcoph[0]	no_paths
fast	-40	recovery	pll_audio|pll_audio_inst|altera_pll_i|general[0].gpll~FRACTIONAL_PLL|vcoph[0]	no_paths
fast	-40	recovery	pll_audio|pll_audio_inst|altera_pll_i|general[0].gpll~PLL_OUTPUT_COUNTER|divclk	no_paths
fast	-40	recovery	emu|pllv|pll_inst|altera_pll_i|general[0].gpll~FRACTIONAL_PLL|vcoph[0]	no_paths
fast	-40	recovery	emu|pllv|pll_inst|altera_pll_i|general[0].gpll~PLL_OUTPUT_COUNTER|divclk	37.177
fast	-40	recovery	sdram_clk_pin	no_paths
fast	-40	removal	FPGA_CLK1_50	0.396
fast	-40	removal	FPGA_CLK2_50	0.589
fast	-40	removal	FPGA_CLK3_50	no_paths
fast	-40	removal	sysmem|fpga_interfaces|clocks_resets|h2f_user0_clk	0.747
fast	-40	removal	spi_sck	no_paths
fast	-40	removal	hdmi_sck	no_paths
fast	-40	removal	emu|pll|pll_inst|altera_pll_i|cyclonev_pll|counter[1].output_counter|divclk	no_paths
fast	-40	removal	emu|pll|pll_inst|altera_pll_i|cyclonev_pll|counter[0].output_counter|divclk	1.230
fast	-40	removal	emu|pll|pll_inst|altera_pll_i|cyclonev_pll|fpll_0|fpll|vcoph[0]	no_paths
fast	-40	removal	pll_hdmi|pll_hdmi_inst|altera_pll_i|cyclonev_pll|counter[0].output_counter|divclk	0.375
fast	-40	removal	pll_hdmi|pll_hdmi_inst|altera_pll_i|cyclonev_pll|fpll_0|fpll|vcoph[0]	no_paths
fast	-40	removal	pll_audio|pll_audio_inst|altera_pll_i|general[0].gpll~FRACTIONAL_PLL|vcoph[0]	no_paths
fast	-40	removal	pll_audio|pll_audio_inst|altera_pll_i|general[0].gpll~PLL_OUTPUT_COUNTER|divclk	no_paths
fast	-40	removal	emu|pllv|pll_inst|altera_pll_i|general[0].gpll~FRACTIONAL_PLL|vcoph[0]	no_paths
fast	-40	removal	emu|pllv|pll_inst|altera_pll_i|general[0].gpll~PLL_OUTPUT_COUNTER|divclk	0.878
fast	-40	removal	sdram_clk_pin	no_paths
